SQL> 
SQL> COLUMN table_name_base     FORMAT A30 HEADING "Base Tables"
SQL> COLUMN sequence_name_base  FORMAT A30 HEADING "Base Sequences"
SQL> SELECT   a.table_name_base
  2  ,        b.sequence_name_base
  3  FROM    (SELECT   table_name AS table_name_base
  4           FROM     user_tables
  5           WHERE    table_name IN ('SYSTEM_USER'
  6                                  ,'COMMON_LOOKUP'
  7                                  ,'MEMBER'
  8                                  ,'CONTACT'
  9                                  ,'ADDRESS'
 10                                  ,'STREET_ADDRESS'
 11                                  ,'TELEPHONE'
 12                                  ,'ITEM'
 13                                  ,'RENTAL'
 14                                  ,'RENTAL_ITEM')) a  INNER JOIN
 15          (SELECT   sequence_name AS sequence_name_base
 16           FROM     user_sequences
 17           WHERE    sequence_name IN ('SYSTEM_USER_S1'
 18                                     ,'COMMON_LOOKUP_S1'
 19                                     ,'MEMBER_S1'
 20                                     ,'CONTACT_S1'
 21                                     ,'ADDRESS_S1'
 22                                     ,'STREET_ADDRESS_S1'
 23                                     ,'TELEPHONE_S1'
 24                                     ,'ITEM_S1'
 25                                     ,'RENTAL_S1'
 26                                     ,'RENTAL_ITEM_S1')) b
 27  ON       a.table_name_base =
 28             SUBSTR( b.sequence_name_base, 1, REGEXP_INSTR(b.sequence_name_base,'_S1') - 1)
 29  ORDER BY CASE
 30             WHEN table_name_base LIKE 'SYSTEM_USER%' THEN 0
 31             WHEN table_name_base LIKE 'COMMON_LOOKUP%' THEN 1
 32             WHEN table_name_base LIKE 'MEMBER%' THEN 2
 33             WHEN table_name_base LIKE 'CONTACT%' THEN 3
 34             WHEN table_name_base LIKE 'ADDRESS%' THEN 4
 35             WHEN table_name_base LIKE 'STREET_ADDRESS%' THEN 5
 36             WHEN table_name_base LIKE 'TELEPHONE%' THEN 6
 37             WHEN table_name_base LIKE 'ITEM%' THEN 7
 38             WHEN table_name_base LIKE 'RENTAL%' AND NOT table_name_base LIKE 'RENTAL_ITEM%' THEN 8
 39             WHEN table_name_base LIKE 'RENTAL_ITEM%' THEN 9
 40           END;

Base Tables                    Base Sequences                
------------------------------ ------------------------------
SYSTEM_USER                    SYSTEM_USER_S1                
COMMON_LOOKUP                  COMMON_LOOKUP_S1              
MEMBER                         MEMBER_S1                     
CONTACT                        CONTACT_S1                    
ADDRESS                        ADDRESS_S1                    
STREET_ADDRESS                 STREET_ADDRESS_S1             
TELEPHONE                      TELEPHONE_S1                  
ITEM                           ITEM_S1                       
RENTAL                         RENTAL_S1                     
RENTAL_ITEM                    RENTAL_ITEM_S1                

10 rows selected. 

SQL> COLUMN table_name_base FORMAT A30 HEADING "Base Tables"
SQL> COLUMN table_name_lab  FORMAT A30 HEADING "Lab Tables"
SQL> SELECT   a.table_name_base
  2  ,        b.table_name_lab
  3  FROM    (SELECT   table_name AS table_name_base
  4           FROM     user_tables
  5           WHERE    table_name IN ('SYSTEM_USER'
  6                                  ,'COMMON_LOOKUP'
  7                                  ,'MEMBER'
  8                                  ,'CONTACT'
  9                                  ,'ADDRESS'
 10                                  ,'STREET_ADDRESS'
 11                                  ,'TELEPHONE'
 12                                  ,'ITEM'
 13                                  ,'RENTAL'
 14                                  ,'RENTAL_ITEM')) a INNER JOIN
 15          (SELECT   table_name AS table_name_lab
 16           FROM     user_tables
 17           WHERE    table_name IN ('SYSTEM_USER_LAB'
 18                                  ,'COMMON_LOOKUP_LAB'
 19                                  ,'MEMBER_LAB'
 20                                  ,'CONTACT_LAB'
 21                                  ,'ADDRESS_LAB'
 22                                  ,'STREET_ADDRESS_LAB'
 23                                  ,'TELEPHONE_LAB'
 24                                  ,'ITEM_LAB'
 25                                  ,'RENTAL_LAB'
 26                                  ,'RENTAL_ITEM_LAB')) b
 27  ON       a.table_name_base = SUBSTR( b.table_name_lab, 1, REGEXP_INSTR(table_name_lab,'_LAB') - 1)
 28  ORDER BY CASE
 29             WHEN table_name_base LIKE 'SYSTEM_USER%' THEN 0
 30             WHEN table_name_base LIKE 'COMMON_LOOKUP%' THEN 1
 31             WHEN table_name_base LIKE 'MEMBER%' THEN 2
 32             WHEN table_name_base LIKE 'CONTACT%' THEN 3
 33             WHEN table_name_base LIKE 'ADDRESS%' THEN 4
 34             WHEN table_name_base LIKE 'STREET_ADDRESS%' THEN 5
 35             WHEN table_name_base LIKE 'TELEPHONE%' THEN 6
 36             WHEN table_name_base LIKE 'ITEM%' THEN 7
 37             WHEN table_name_base LIKE 'RENTAL%' AND NOT table_name_base LIKE 'RENTAL_ITEM%' THEN 8
 38             WHEN table_name_base LIKE 'RENTAL_ITEM%' THEN 9
 39           END;

Base Tables                    Lab Tables                    
------------------------------ ------------------------------
SYSTEM_USER                    SYSTEM_USER_LAB               
COMMON_LOOKUP                  COMMON_LOOKUP_LAB             
MEMBER                         MEMBER_LAB                    
CONTACT                        CONTACT_LAB                   
ADDRESS                        ADDRESS_LAB                   
STREET_ADDRESS                 STREET_ADDRESS_LAB            
TELEPHONE                      TELEPHONE_LAB                 
ITEM                           ITEM_LAB                      
RENTAL                         RENTAL_LAB                    
RENTAL_ITEM                    RENTAL_ITEM_LAB               

10 rows selected. 

SQL> -- Close log file.
SQL> SPOOL OFF
